{
  "threshold": 29.160758274502474,
  "calibrated_at": "2025-12-10T18:01:57.912201",
  "target_recall": 0.95
}